{
  "project_info": {
    "project_number": "1074588377952",
    "firebase_url": "https://fastcook1-2fea1-default-rtdb.firebaseio.com",
    "project_id": "fastcook1-2fea1",
    "storage_bucket": "fastcook1-2fea1.appspot.com"
  },
  "client": [
    {
      "client_info": {
        "mobilesdk_app_id": "1:1074588377952:android:1ed24e6513ffdb19587405",
        "android_client_info": {
          "package_name": "com.samsung.fastcook"
        }
      },
      "oauth_client": [
        {
          "client_id": "1074588377952-jkqdcl8crj2vvmiom8jjrnkna8reegoq.apps.googleusercontent.com",
          "client_type": 1,
          "android_info": {
            "package_name": "com.samsung.fastcook",
            "certificate_hash": "bdd34f81e74e377c17768f7100608de3bfb48718"
          }
        },
        {
          "client_id": "1074588377952-bhssbj8h5n9akj4jd61gltbdekvps6jg.apps.googleusercontent.com",
          "client_type": 3
        }
      ],
      "api_key": [
        {
          "current_key": "AIzaSyCYiGP1c4TjeHnz69DaWTuj-0IDRlOpLys"
        }
      ],
      "services": {
        "appinvite_service": {
          "other_platform_oauth_client": [
            {
              "client_id": "1074588377952-bhssbj8h5n9akj4jd61gltbdekvps6jg.apps.googleusercontent.com",
              "client_type": 3
            }
          ]
        }
      }
    }
  ],
  "configuration_version": "1"
}